Title,URL,Summary
"Inside Anthropic’s First Developer Day, Where AI Agents Took Center Stage",https://www.wired.com/story/anthropic-first-developer-conference/,More From WIRED
Let's Talk About ChatGPT and Cheating in the Classroom,https://www.wired.com/story/uncanny-valley-podcast-chatgpt-cheating-in-the-classroom/,More From WIRED
A United Arab Emirates Lab Announces Frontier AI Projects—and a New Outpost in Silicon Valley,https://www.wired.com/story/the-united-arab-emirates-announces-frontier-ai-projects-and-a-new-lab-in-silicon-valley/,More From WIRED
Elon Musk’s Grok AI Can’t Stop Talking About ‘White Genocide’,https://www.wired.com/story/grok-white-genocide-elon-musk/,More From WIRED
A Judge Says Meta’s AI Copyright Case Is About ‘the Next Taylor Swift’,https://www.wired.com/story/meta-lawsuit-copyright-hearing-artificial-intelligence/,More From WIRED
"No, Graduates: AI Hasn't Ended Your Career Before It Starts",https://www.wired.com/story/plaintext-commencement-speech-artificial-intelligence/,More From WIRED
"If Paramount Settles Trump's60 MinutesClaim, It May Face Another Lawsuit",https://www.wired.com/story/freedom-of-the-press-foundation-paramount-trump-settlement/,More From WIRED
Startup Founder Claims Elon Musk Is Stealing the Name ‘Grok’,https://www.wired.com/story/grok-trademark-dispute-name/,More From WIRED
Politico’s Newsroom Is Starting a Legal Battle With Management Over AI,https://www.wired.com/story/politico-workers-axel-springer-artificial-intelligence/,More From WIRED
Who’s to Blame When AI Agents Screw Up?,https://www.wired.com/story/ai-agents-legal-liability-issues/,More From WIRED
OpenAI's Big Bet That Jony Ive Can Make AI Hardware Work,https://www.wired.com/story/jony-ive-open-ai-hardware-io/,More From WIRED
Jack Dorsey's Block Made an AI Agent to Boost Its Own Productivity,https://www.wired.com/story/jack-dorseys-block-made-an-ai-agent-to-boost-its-own-productivity/,More From WIRED
The Time Sam Altman Asked for a Countersurveillance Audit of OpenAI,https://www.wired.com/story/empire-of-ai-excerpt-sam-altman-elon-musk/,More From WIRED
Google’s AI Boss Says Gemini's New Abilities Point the Way to AGI,https://www.wired.com/story/googles-ai-boss-says-geminis-new-abilities-point-the-way-to-agi/,More From WIRED
How Peter Thiel’s Relationship With Eliezer Yudkowsky Launched the AI Revolution,https://www.wired.com/story/book-excerpt-the-optimist-open-ai-sam-altman/,More From WIRED
‘A Billion Streams and No Fans’: Inside a $10 Million AI Music Fraud Case,https://www.wired.com/story/ai-bots-streaming-music/,More From WIRED
"OpenAI Launches an Agentic, Web-Based Coding Tool",https://www.wired.com/story/openai-launches-an-agentic-web-based-coding-tool/,More From WIRED
The Middle East Has Entered the AI Group Chat,https://www.wired.com/story/trump-middle-east-artificial-intelligence-investments/,More From WIRED
Google DeepMind’s AI Agent Dreams Up Algorithms Beyond Human Expertise,https://www.wired.com/story/google-deepminds-ai-agent-dreams-up-algorithms-beyond-human-expertise/,More From WIRED
Airbnb Is in Midlife Crisis Mode,https://www.wired.com/story/airbnb-is-in-midlife-crisis-mode-reinvention-app-services/,More From WIRED
